{"cameraMode":{"drawMode":0,"name":"Shaded","section":"Shading Mode"},"sceneLighting":false,"audioPlay":false,"sceneViewState":{"showFog":true,"showMaterialUpdate":false,"showSkybox":false,"showFlares":true,"showImageEffects":true,"showParticleSystems":true},"in2DMode":false,"pivot":{"x":-0.003092646598815918,"y":-0.13500171899795533,"z":0.2336600422859192},"rotation":{"x":0.2294883131980896,"y":-0.04669807106256485,"z":0.01102392002940178,"w":0.9721280336380005},"size":1.3160381317138672,"orthographic":false}