{"cameraMode":{"drawMode":0,"name":"Shaded","section":"Shading Mode"},"sceneLighting":false,"audioPlay":false,"sceneViewState":{"showFog":true,"showMaterialUpdate":false,"showSkybox":false,"showFlares":true,"showImageEffects":true,"showParticleSystems":true},"in2DMode":false,"pivot":{"x":-5.987838268280029,"y":0.9574122428894043,"z":-7.947465896606445},"rotation":{"x":0.26018574833869936,"y":-0.02751389518380165,"z":0.007417293265461922,"w":0.9651387333869934},"size":1.4457048177719117,"orthographic":false}