{"cameraMode":{"drawMode":0,"name":"Shaded","section":"Shading Mode"},"sceneLighting":false,"audioPlay":false,"sceneViewState":{"showFog":true,"showMaterialUpdate":false,"showSkybox":false,"showFlares":true,"showImageEffects":true,"showParticleSystems":true},"in2DMode":false,"pivot":{"x":0.14143764972686768,"y":-0.4540208578109741,"z":0.05960947275161743},"rotation":{"x":0.2294883131980896,"y":-0.04669807106256485,"z":0.01102392002940178,"w":0.9721280336380005},"size":2.9141957759857179,"orthographic":false}