{"cameraMode":{"drawMode":0,"name":"Shaded","section":"Shading Mode"},"sceneLighting":false,"audioPlay":false,"sceneViewState":{"showFog":true,"showMaterialUpdate":false,"showSkybox":false,"showFlares":true,"showImageEffects":true,"showParticleSystems":true},"in2DMode":false,"pivot":{"x":0.006218314170837402,"y":0.3171505033969879,"z":0.0},"rotation":{"x":0.2294883131980896,"y":-0.04669807106256485,"z":0.01102392002940178,"w":0.9721280336380005},"size":3.068222999572754,"orthographic":false}